Neuron name,Coordinates ,Root ID (synaptic connectivity),Root ID (contact analysis)
A1_L1,[160548  55409   4977],720575940621039145,720575940621039145
A1_L2,[161229  56723   4921],720575940637390424,720575940637390424
A1_L3,[159857  56701   5018],720575940618522433,720575940618522433
A1_R1,[105496  54286   5405],720575940613535430,720575940612001489
A1_R2,[105654  55604   5474],720575940621301738,720575940621301738
A2_L,[155842  69317   1498],720575940603183718,720575940638214461
A2_R,[103189  65009   1685],720575940618206854,720575940621749255
B1-1_L1,[155383  68155   1637],720575940637107315,720575940606551819
B1-1_L2,[154440  65207   1796],720575940635547113,720575940635547113
B1-1_L3,[153922  68380   1690],720575940629913169,720575940629913169
B1-1_L4,[158001  69225   1270],720575940609843865,720575940609843865
B1-1_L5,[156860  68596   1532],720575940622097959,720575940622097959
B1-1_L6,[156122  66164   1650],720575940625683176,720575940625683176
B1-1_R1,[105982  60513   2109],720575940630223052,720575940630223052
B1-1_R2,[105598  62033   2093],720575940611277293,720575940611277293
B1-1_R3,[106343  64669   2052],720575940623580453,720575940623508668
B1-1_R4,[104671  61966   1999],720575940623873052,720575940608987950
B1-1_R5,[104284  60515   1731],720575940607188036,720575940607188036
B1-1_R6,[105704  64095   2163],720575940606332629,720575940606332629
B1-2_L1,[159198  68123   1195],720575940627957719,720575940627957719
B1-2_L2,[156940  63189   1529],720575940628862027,720575940628862027
B1-2_L3,[156590  69949   1284],720575940632715359,720575940632715359
B1-2_L4,[156980  70743    924],720575940625449640,720575940620758221
B1-2_L5,[159058  64959   1270],720575940607371076,720575940607371076
B1-2_L6,[154715  66913   1757],720575940614450774,720575940614450774
B1-2_L7,[158321  62230   1328],720575940618758753,720575940618758753
B1-2_L8,[159883  64663   1029],720575940622428564,720575940622428564
B1-2_R1,[104375  63079   2127],720575940636679989,720575940636679989
B1-2_R2,[102946  65164   1864],720575940632653663,720575940612523571
B1-2_R3,[107076  61174   2112],720575940630185811,720575940630185811
B1-2_R4,[103556  64377   1568],720575940628730383,720575940628730383
B1-2_R5,[105373  63582   2031],720575940627410944,720575940627410944
B1-2_R6,[104873  62834   2265],720575940624596026,720575940630603091
B1-2_R7,[103456  63029   2009],720575940612146174,720575940612146174
B1-2_R8,[106980  63003   2177],720575940622254375,720575940622254375
B1-3_L1,[159082  66819   1156],720575940628910095,720575940628910095
B1-3_L2,[158025  64293   1436],720575940620865535,720575940620865535
B1-3_L3,[157474  68764    964],720575940618059759,720575940618059759
B1-3_L4,[159445  65166    928],720575940603636913,720575940603636913
B1-3_R1,[103940  62853   1833],720575940624704393,720575940624704393
B1-3_R2,[103427  62302   1653],720575940618066415,720575940618066415
B1-3_R3,[103783  61639   1871],720575940619405812,720575940619405812
B1-3_R4,[102923  63132   1590],720575940630516397,720575940614840891
B1-4_L1,[158980  70226   1046],720575940634094181,720575940634094181
B1-4_L2,[158767  67744   1350],720575940629361209,720575940629361209
B1-4_L3,[158160  72467    876],720575940622330087,720575940609522382
B1-4_L4,[157841  70625   1257],720575940614633867,720575940614633867
B1-4_L5,[159035  70962   1129],720575940613380914,720575940613380914
B1-4_L6,[157622  70728   1120],720575940607183172,720575940607183172
B1-4_L7,[156519  70651   1166],720575940606336213,720575940606336213
B1-4_R1,[104799  64706   1870],720575940618795952,720575940620980323
B1-4_R2,[108974  63085   2234],720575940627197566,720575940627197566
B1-4_R3,[107389  64842   2224],720575940627408640,720575940627408640
B1-4_R4,[102242  65488   1482],720575940629806407,720575940621994237
B1-4_R5,[104214  65169   1952],720575940635282910,720575940635282910
B1-4_R6,[103516  61641   1987],720575940618599277,720575940618599277
B1-4_R7,[102172  62584   1830],720575940609673369,720575940609673369
B1-5_L1,[157776  69494   1158],720575940615723077,720575940615723077
B1-5_L2,[157974  69914   1017],720575940625454852,720575940625454852
B1-5_L3,[158860  68873    915],720575940621043753,720575940621043753
B1-5_L4,[160164  67283    851],720575940615226342,720575940615226342
B1-5_L5,[158010  70733    923],720575940634599792,720575940634599792
B1-5_L6,[158627  67175    941],720575940623878940,720575940623878940
B1-5_L7,[159356  65965   1063],720575940607179076,720575940607179076
B1-5_L8,[160056  70863   1041],720575940623429936,720575940623429936
B1-5_L9,[160597  67999    805],720575940609832410,720575940609832410
B1-5_L10,[159502  66336    941],720575940627937495,720575940634621870
B1-5_R1,[102985  63331   1442],720575940622693564,720575940622693564
B1-5_R2,[101195  63095   1491],720575940625997328,720575940618392912
B1-5_R3,[102092  62653   1678],720575940606047068,720575940606047068
B1-5_R4,[103204  60905   1772],720575940612936095,720575940612936095
B1-5_R5,[104645  61439   2141],720575940641368736,720575940616633925
B1-5_R6,[103683  59774   1531],720575940632535450,720575940632535450
B1-5_R7,[101006  62289   1437],720575940628016983,720575940628016983
B1-5_R8,[101302  66736   1487],720575940609726194,720575940609726194
B1-5_R9,[102113  63801   1429],720575940615225318,720575940615225318
B1-5_R10,[103304  61166   1658],720575940629792287,720575940628687703
B1-5_R11,[102839  63789   1709],720575940630804179,720575940630804179
B1-5_R12,[100544  63562   1557],720575940610366834,720575940610366834
B1-5_R13,[102190  63907   1639],720575940622577336,720575940622577336
B1-u_L1,[157860  67324   1460],720575940624795017,720575940624795017
B1-u_L2,[160521  66145    834],720575940612153086,720575940612153086
B1-u_L3,[155615  70107   1384],720575940637273149,720575940637273149
B1-u_L4,[160975  62356    688],720575940633133748,720575940621339686
B1-u_L5,[160163  70057   1041],720575940613383986,720575940612833278
B1-u_L6,[159003  69918    905],720575940623738810,720575940623738810
B1-u_L7,[156634  69257   1082],720575940618063855,720575940618063855
B1-u_L8,[158323  68097    860],720575940611388141,720575940611388141
B1-u_L9,[159503  67281    714],720575940624878602,720575940624878602
B1-u_L10,[157973  71710    867],720575940620112342,720575940634606693
B1-u_L11,[157597  68583   1401],720575940626431567,720575940615956454
B1-u_L12,[158722  67313    719],720575940624668730,720575940624668730
B1-u_L13,[161166  63995    803],720575940619034806,720575940619034806
B1-u_L14,[158924  72715    988],720575940611988391,720575940611988391
B1-u_L15,[159825  68986    713],720575940615702811,720575940615702811
B1-u_L16,[160410  69740    855],720575940613422860,720575940613422860
B1-u_L17,[158942  66986    861],720575940624109464,720575940624109464
B1-u_L18,[158657  66948   1061],720575940608035374,720575940608035374
B1-u_L19,[157685  67577    812],720575940632122464,720575940632122464
B1-u_L20,[159513  66239    728],720575940618513985,720575940618513985
B1-u_L21,[158628  64847    739],720575940621045289,720575940621045289
B1-u_L22,[159379  64833    801],720575940610574358,720575940623873829
B1-u_L23,[158366  65687    746],720575940644345652,720575940644345652
B1-u_L24,[161139  64150    720],720575940625454596,720575940625454596
B1-u_R1,[102336  59934   1516],720575940624705929,720575940626153488
B1-u_R2,[103150  60752   1488],720575940630184787,720575940630184787
B1-u_R3,[104176  64197   1991],720575940613461691,720575940613461691
B1-u_R4,[102266  62098   1498],720575940629696616,720575940629696616
B1-u_R5,[100421  62165   1361],720575940621726728,720575940621726728
B1-u_R6,[101063  59951   1355],720575940644072483,720575940644072483
B1-u_R7,[102241  62723   1367],720575940603195494,720575940603195494
B1-u_R8,[103766  64138   1808],720575940618524481,720575940618524481
B1-u_R9,[102146  62456   1564],720575940625997584,720575940625997584
B1-u_R10,[100979  67596   1472],720575940625998608,720575940630028359
B1-u_R11,[102613  63657   1843],720575940644071459,720575940644071459
B1-u_R12,[101756  65978   1441],720575940607190852,720575940622004106
B1-u_R13,[102787  61219   1551],720575940632656223,720575940603616800
B1-u_R14,[102606  61890   1928],720575940602630828,720575940602630828
B1-u_R15,[103832  64363   1400],720575940615226086,720575940615226086
B1-u_R16,[101648  63469   1749],720575940630450733,720575940632084705
B1-u_R17,[103676  62156   1588],720575940624853514,720575940624245946
B1-u_R18,[101856  59128   1401],720575940623735482,720575940623735482
B1-u_R19,[101820  66072   1607],720575940618033579,720575940604342449
B1-u_R20,[101668  60673   1457],720575940622588088,720575940622588088
B2_L1,[160204  80806   3169],720575940617118424,720575940617118424
B2_L2,[158878  81031   3274],720575940620012253,720575940620012253
B2_L3,[158566  81114   3427],720575940622695612,720575940622695612
B2_R1,[105811  77970   3852],720575940625984528,720575940625984528
B2_R2,[106942  78483   3931],720575940631152097,720575940625359379
B2_R3,[101810  75615   3854],720575940622603704,720575940637483317
GF_L,[158798  46375   4782],720575940619258495,720575940625809576
GF_R,[110963  50581   5252],720575940623301520,720575940623301520
WED-VLP-1_L1,[174858  67282   1310],720575940641359776,720575940641359776
WED-VLP-1_L2,[173924  67326   1226],720575940609927141,720575940609927141
WED-VLP-1_L3,[171909  68427   1139],720575940618833840,720575940618833840
WED-VLP-1_L4,[173259  68031   1263],720575940620392984,720575940620392984
WED-VLP-1_L5,[174767  70116   1435],720575940621308341,720575940621308341
WED-VLP-1_L6,[173988  68598   1349],720575940625989904,720575940625989904
WED-VLP-1_L7,[173952  69257   1436],720575940631891356,720575940616611382
WED-VLP-1_L8,[175234  69647   1542],720575940632371610,720575940619785566
WED-VLP-1_R1,[84822 61834  2373],720575940619414516,720575940619414516
WED-VLP-1_R2,[84878 62540  2410],720575940649911286,720575940649911286
WED-VLP-1_R3,[85218 64641  2505],720575940622614968,720575940615698077
WED-VLP-1_R4,[84971 63471  2636],720575940618342126,720575940627174247
WED-VLP-1_R5,[84169 62722  2510],720575940629954724,720575940629954724
WED-VLP-1_R6,[84977 64155  2577],720575940641400224,720575940641400224
WED-VLP-1_R7,[85527 62507  2347],720575940623547685,720575940623547685
WED-VLP-1_R8,[86038 62024  2288],720575940603186790,720575940603186790
WED-VLP-2_L1,[171876  74413   1694],720575940627350060,720575940627350060
WED-VLP-2_L2,[171872  66369   1067],720575940632649567,720575940632649567
WED-VLP-2_L3,[172051  73085   1567],720575940625032721,720575940625032721
WED-VLP-2_L4,[174923  68868   1369],720575940622609678,720575940622609678
WED-VLP-2_L5,[173819  68710   1288],720575940617117656,720575940617117656
WED-VLP-2_L6,[173135  71767   1571],720575940609927653,720575940609927653
WED-VLP-2_L7,[172959  71095   1447],720575940638202320,720575940638202320
WED-VLP-2_R1,[84936 62847  2526],720575940634126949,720575940634126949
WED-VLP-2_R2,[86263 61817  2353],720575940634126478,720575940634126478
WED-VLP-2_R3,[84751 60025  2346],720575940622699196,720575940622699196
WED-VLP-2_R4,[84680 61477  2649],720575940618026667,720575940618026667
WED-VLP-2_R5,[86616 64248  2451],720575940613943413,720575940613943413
WV-WV-1_1,[133609  82755   5074],720575940606176348,720575940606176348
WV-WV-1_2,[132942  84290   4984],720575940618320262,720575940618320262
WV-WV-1_3,[132191  87461   4915],720575940630630573,720575940630944941
WV-WV-2_1,[133206  85176   5147],720575940628364406,720575940605095346
WV-WV-2_2,[131550  83486   5265],720575940622709944,720575940634571383
WV-WV-2_3,[128711  88629   5199],720575940620835327,720575940620835327
WV-WV-2_4,[131147  83857   5169],720575940610393458,720575940610393458
WV-WV-2_5,[132956  75199   5668],720575940614476374,720575940614476374
WV-WV-2_6,[132865  81467   5177],720575940614483286,720575940614483286
WV-WV-3_1,[129284  88337   4812],720575940639811469,720575940639811469
WV-WV-3_2,[133624  89026   4705],720575940603533246,720575940603533246
WV-WV-3_3,[131425  89771   4990],720575940606297353,720575940606297353
WV-WV-3_4,[133282  82455   5312],720575940609513841,720575940609513841
WV-WV-3_5,[131911  88077   4665],720575940616579486,720575940627201579
WV-WV-3_6,[129090  88642   4964],720575940621492151,720575940619059120
WV-WV-3_7,[132523  88721   4999],720575940626877799,720575940625915194
WV-WV-3_8,[131607  88377   4817],720575940627222138,720575940604201830
WV-WV-3_9,[132177  87803   5104],720575940641545888,720575940641545888
AVLP_pr01_L1,[179038  42950   3033],720575940630957779,720575940619783518
AVLP_pr01_L2,[180636  42124   3173],720575940625450312,720575940620062633
AVLP_pr01_L3,[183717  37839   3271],720575940615424546,720575940602914988
AVLP_pr01_L4,[179652  40717   2989],720575940618654017,720575940618654017
AVLP_pr01_L5,[179273  44576   3243],720575940625952074,720575940605103538
AVLP_pr01_L6,[178914  43768   3080],720575940625430856,720575940634508174
AVLP_pr01_L7,[179301  44930   3405],720575940602224096,720575940627642818
AVLP_pr01_L8,[178177  44482   3086],720575940602245088,720575940609014370
AVLP_pr01_L9,[183216  39161   3267],720575940626442139,720575940607055061
AVLP_pr01_R1,[81848 36425  3922],720575940622314995,720575940628489516
AVLP_pr01_R2,[81211 38564  4039],720575940630043729,720575940636588607
AVLP_pr01_R3,[80552 38772  4013],720575940632927736,720575940631425965
AVLP_pr01_R4,[79881 36267  4067],720575940625481032,720575940618805569
AVLP_pr01_R5,[83381 39091  3976],720575940619709609,720575940620929416
AVLP_pr01_R6,[81027 37782  4056],720575940602629548,720575940633364916
AVLP_pr01_R7,[82035 37714  3965],720575940603683505,720575940603683505
AVLP_pr01_R8,[90887 42091  3609],720575940608425336,720575940629283659
AVLP_pr01_R9,[79305 37880  4079],720575940621713672,720575940621713672
AVLP_pr01_R10,[79769 38616  4113],720575940610457458,720575940638148224
AVLP_pr02_L1,[184204  37572   3050],720575940644319796,720575940644319796
AVLP_pr02_L2,[182748  39776   3342],720575940619583749,720575940619583749
AVLP_pr02_L3,[184651  37702   3068],720575940620171478,720575940636504553
AVLP_pr02_R1,[79582 34259  3994],720575940633065720,720575940610558357
AVLP_pr02_R2,[79359 35993  3861],720575940627354368,720575940612709374
AVLP_pr02_R3,[78955 33621  4049],720575940617390027,720575940617390027
WED_pr01_L1,[172459  39610   4614],720575940623621157,720575940623621157
WED_pr01_L2,[175209  40534   4428],720575940624875018,720575940624875018
WED_pr01_L3,[173225  41163   4641],720575940622303731,720575940624314468
WED_pr01_L4,[174757  41177   4483],720575940639840397,720575940625937992
WED_pr01_L5,[175653  41257   4433],720575940622723256,720575940622723256
WED_pr01_L6,[172830  41947   4735],720575940626228329,720575940626228329
WED_pr01_R1,[86780 37270  5129],720575940637139059,720575940637139059
WED_pr01_R2,[93324 35900  5152],720575940642855534,720575940624473918
WED_pr01_R3,[92481 38078  5215],720575940632303807,720575940632303807
WED_pr01_R4,[96610 39203  5298],720575940613042754,720575940613042754
WED_pr01_R5,[86626 40877  5243],720575940649990646,720575940649990646
GNG_pr01_L1,[157251  53651   1287],720575940619615770,720575940619615770
GNG_pr01_L2,[157876  76292   3964],720575940602114016,720575940618914669
GNG_pr01_L3,[156823  53505   1406],720575940621429757,720575940621429757
GNG_pr01_R1,[157399  76989   4069],720575940615283490,720575940633233759
GNG_pr01_R2,[98692 50609  1908],720575940641626056,720575940641626056
GNG_pr01_R3,[105254  50611   2061],720575940624666245,720575940624666245
GNG_pr01_R4,[102817  49949   2031],720575940635520489,720575940635520489
GNG_pr01_R5,[104161  50253   2079],720575940625778428,720575940625778428
GNG_pr01_R6,[104670  49219   2141],720575940628869391,720575940628869391
AVLP_pr22_L1,[174272  62350   1148],720575940624658206,720575940620079454
AVLP_pr22_L2,[172442  53179   1225],720575940624656509,720575940617622219
AVLP_pr22_L3,[175122  49110   1413],720575940622066668,720575940645813636
AVLP_pr22_L4,[177866  52274   1626],720575940625398276,720575940627585918
AVLP_pr22_L5,[170843  57301    903],720575940618604097,720575940643127063
AVLP_pr22_L6,[174319  49350   1409],720575940615169497,720575940618003672
AVLP_pr22_L7,[168138  53874    914],720575940623781438,720575940623781438
AVLP_pr22_L8,[169831  53326    973],720575940604846514,720575940612627119
AVLP_pr22_L9,[173011  60888   1013],720575940631264737,720575940630622803
AVLP_pr22_L10,[170342  54029    995],720575940603695025,720575940603695025
AVLP_pr22_L11,[172848  50699   1196],720575940628296911,720575940628296911
AVLP_pr22_L12,[171033  57886    904],720575940611685683,720575940607064021
AVLP_pr22_L13,[170359  53226   1057],720575940613530636,720575940613530636
AVLP_pr22_L14,[152386  46462   2563],720575940615552669,720575940606613771
AVLP_pr22_L15,[168929  55057    853],720575940642687255,720575940642687255
AVLP_pr22_L16,[173548  49893   1506],720575940642687767,720575940622748199
AVLP_pr22_R1,[87427 43703  2683],720575940617595477,720575940621649288
AVLP_pr22_R2,[88560 43744  2479],720575940634141797,720575940611888337
AVLP_pr22_R3,[89059 43105  2665],720575940632904555,720575940632904555
AVLP_pr22_R4,[107188  39072   3046],720575940619504372,720575940645516676
AVLP_pr22_R5,[109692  39260   3085],720575940618131904,720575940618131904
AVLP_pr22_R6,[90907 43064  2348],720575940621715965,720575940630348600
AVLP_pr22_R7,[90019 43671  2527],720575940610414450,720575940610414450
AVLP_pr22_R8,[86510 44274  2877],720575940620566733,720575940620566733
AVLP_pr22_R9,[90150 44032  2609],720575940621230739,720575940621230739
AVLP_pr22_R10,[92848 43138  2377],720575940615240081,720575940615240081
IPS/WED_pr01_L1,[163000  80983   3033],720575940616420150,720575940616420150
IPS/WED_pr01_L2,[165784  82396   2818],720575940632184928,720575940632184928
IPS/WED_pr01_L3,[166253  80799   2693],720575940612975007,720575940612975007
IPS/WED_pr01_L4,[164829  81269   2752],720575940642686999,720575940642686999
IPS/WED_pr01_L5,[165889  81473   2696],720575940630049617,720575940630049617
IPS/WED_pr01_L6,[166628  82569   2744],720575940615768861,720575940615768861
IPS/WED_pr01_L7,[165154  81666   2841],720575940630622509,720575940630622509
IPS/WED_pr01_R1,[99586 76253  3671],720575940615236582,720575940615236582
IPS/WED_pr01_R2,[96958 74180  3636],720575940632293055,720575940609291214
IPS/WED_pr01_R3,[98099 74515  3330],720575940623802298,720575940623802298
IPS/WED_pr01_R4,[97499 73967  3339],720575940629211960,720575940629211960
IPS/WED_pr01_R5,[95239 74925  3521],720575940618225030,720575940618225030
IPS/WED_pr01_R6,[107115  69973   3719],720575940627255490,720575940625387294
AVLP_pr31_L1,[175810  70811   1842],720575940634709872,720575940634709872
AVLP_pr31_L2,[176921  70734   1595],720575940628405366,720575940628405366
AVLP_pr31_L3,[176592  71265   1822],720575940621508605,720575940621508605
AVLP_pr31_L4,[176540  71917   1831],720575940633682295,720575940633682295
AVLP_pr31_L5,[177167  70120   1794],720575940628470265,720575940628470265
AVLP_pr31_L6,[175732  70390   1601],720575940625594876,720575940625594876
AVLP_pr31_R1,[85969 71222  2757],720575940620719896,720575940650373878
AVLP_pr31_R2,[85710 71091  2835],720575940625427272,720575940625427272
AVLP_pr31_R3,[86761 69978  3201],720575940632160096,720575940626568235
AVLP_pr31_R4,[85631 67684  3032],720575940622637240,720575940625701909
AVLP_pr31_R5,[85476 70950  2901],720575940631158242,720575940631158242
AVLP_pr31_R6,[86388 66292  2911],720575940611694545,720575940611694545
AVLP_pr31_R7,[85631 68686  2959],720575940633768055,720575940624375324
AVLP_pr31_R8,[87404 71149  3041],720575940621625607,720575940621625607
AVLP_pr32_R1,[85686 68418  3078],720575940609554801,720575940609554801
AVLP_pr32_R2,[86774 67780  2808],720575940610929379,720575940610929379
AVLP_pr32_R3,[84357 67796  3103],720575940603415142,720575940603415142
SAD_pr02_L1,[167836  82213   2745],720575940613531660,720575940621324996
SAD_pr02_L2,[165531  79142   2514],720575940618607169,720575940614876811
SAD_pr02_L3,[166901  82585   2943],720575940625213266,720575940625213266
SAD_pr02_L4,[165384  81930   2951],720575940615343394,720575940615343394
SAD_pr02_R1,[93823 73357  3282],720575940625570564,720575940620034330
SAD_pr02_R2,[92739 73894  3308],720575940608432760,720575940608432760
SAD_pr02_R3,[94091 75371  3245],720575940621514167,720575940636704582
SAD_pr02_R4,[92634 73977  3199],720575940626433179,720575940623090446
SAD_pr02_R5,[95352 73592  3268],720575940637360803,720575940637360803
SAD_pr02_R6,[93799 74244  3267],720575940638362832,720575940638362832
SAD_pr02_R7,[98329 74984  3497],720575940617853972,720575940615625053
SAD_pr02_R8,[100128  75363   3386],720575940608761042,720575940615930836
SAD_pr02_R9,[94683 73183  3313],720575940628284623,720575940628846966
SAD_pr02_R10,[93459 73674  3315],720575940622717368,720575940622717368
AVLP_pr04_L1,[171240  48369   4726],720575940622670862,720575940616641093
AVLP_pr04_L2,[168510  53332   4584],720575940604536265,720575940618620550
AVLP_pr04_R1,[96182 50473  5263],720575940624152728,720575940618129368
AVLP_pr04_R2,[94388 48187  5348],720575940624180313,720575940622026122
AVLP_pr12_L1,[180916  58066   1700],720575940622076396,720575940628333788
AVLP_pr12_L2,[172029  59412   1019],720575940620424472,720575940620424472
AVLP_pr12_L3,[177917  58266   1457],720575940620123613,720575940620123613
AVLP_pr12_L4,[176004  63247   1291],720575940604850866,720575940626869403
AVLP_pr12_L5,[176059  64669   1407],720575940632011420,720575940632011420
AVLP_pr12_L6,[179355  57797   1633],720575940628021463,720575940632860058
AVLP_pr12_R1,[85364 47673  2527],720575940614437462,720575940614437462
AVLP_pr12_R2,[80507 47851  2916],720575940634159758,720575940634159758
AVLP_pr12_R3,[84363 49911  2583],720575940637079667,720575940637079667
AVLP_pr12_R4,[84769 48279  2539],720575940617565264,720575940634371941
AVLP_pr12_R5,[84129 49094  2681],720575940608082990,720575940608082990
AVLP_pr12_R6,[80095 47248  2902],720575940630037073,720575940630037073
AVLP_pr12_R7,[79538 49052  2955],720575940622714552,720575940606687957
AVLP/PVLP_pr01_L,[150051  77161   1554],720575940609887641,720575940626620265
AVLP/PVLP_pr01_R1,[114362  72133   1374],720575940609854873,720575940626840326
AVLP/PVLP_pr01_R2,[112740  73393   1420],720575940626424475,720575940605114754
AVLP/PVLP_pr01_R3,[113669  73767   1326],720575940619730812,720575940619730812
AVLP/PVLP_pr01_R4,[113547  72786   1225],720575940644939908,720575940644939908
AVLP/PVLP_pr01_R5,[113168  72733   1386],720575940633076728,720575940613531295
AVLP/PVLP_pr01_R6,[115261  73165   1220],720575940612956063,720575940603890622
AVLP/PVLP_pr01_R7,[113009  71961   1403],720575940637357400,720575940610399461
AVLP/PVLP_pr01_R8,[112898  72822   1626],720575940626416171,720575940626416171
AVLP_pr36_L1,[165638  60589    809],720575940617984347,720575940617984347
AVLP_pr36_L2,[166025  59546    720],720575940629411641,720575940637888163
AVLP_pr36_L3,[164459  62022    706],720575940620356557,720575940620356557
AVLP_pr36_L4,[165485  61483    725],720575940639850125,720575940627719294
AVLP_pr36_L5,[164628  60737    704],720575940621543431,720575940627363687
AVLP_pr36_L6,[168196  57983    776],720575940626651395,720575940615635037
AVLP_pr36_L7,[163810  56269    795],720575940610676502,720575940615592409
AVLP_pr36_L8,[166639  57489    778],720575940619472389,720575940619688688
AVLP_pr36_L9,[164336  57054    756],720575940632287127,720575940637175349
AVLP_pr36_L10,[164102  59094    710],720575940628837650,720575940628837650
AVLP_pr36_R1,[94260 55542  1800],720575940621943560,720575940637834301
AVLP_pr36_R2,[93922 54733  1831],720575940614514262,720575940629244357
AVLP_pr36_R3,[91678 55932  1900],720575940602120928,720575940602120928
AVLP_pr36_R4,[93724 55127  1768],720575940625712124,720575940617034398
AVLP_pr36_R5,[91535 55000  1977],720575940637479552,720575940613034602
AVLP_pr36_R6,[93846 53976  1851],720575940609996773,720575940609996773
AVLP_pr05_L1,[171797  45557   5013],720575940618477806,720575940618477806
AVLP_pr05_L2,[169287  49312   5089],720575940627513079,720575940627513079
AVLP_pr05_L3,[168281  49611   5176],720575940615798045,720575940615798045
AVLP_pr05_L4,[170734  47774   5182],720575940617193009,720575940617193009
AVLP_pr05_L5,[168639  48052   5142],720575940625839345,720575940625839345
AVLP_pr05_L6,[169791  49291   5017],720575940615348770,720575940615348770
AVLP_pr05_L7,[170835  46563   5040],720575940623748298,720575940623748298
AVLP_pr05_L8,[169043  48586   5162],720575940620191453,720575940620191453
AVLP_pr05_L9,[169856  47172   5044],720575940603331686,720575940603331686
AVLP_pr05_L10,[177799  43295   4973],720575940617943205,720575940617943205
AVLP_pr05_L11,[174403  45010   5102],720575940624172290,720575940624172290
AVLP_pr05_R1,[85111 41366  5599],720575940615530580,720575940615530580
AVLP_pr05_R2,[79969 39062  5165],720575940629414201,720575940629414201
AVLP_pr05_R3,[81551 40594  5243],720575940632722527,720575940632722527
AVLP_pr05_R4,[82355 41454  5268],720575940624150168,720575940624150168
AVLP_pr05_R5,[85136 41639  5041],720575940611667251,720575940626401552
AVLP_pr05_R6,[81713 40253  5103],720575940614662027,720575940614662027
AVLP_pr05_R7,[88140 44059  5128],720575940641565600,720575940641565600
AVLP_pr05_R8,[86594 41742  5115],720575940612965791,720575940612965791
AVLP_pr05_R9,[86476 42823  4993],720575940619587422,720575940619587422
AVLP_pr05_R10,[84703 41899  5215],720575940615729179,720575940615729179
AVLP_pr05_R11,[86858 62510  2744],720575940639821965,720575940631838945
AVLP_pr05_R12,[91288 65513  3217],720575940627775292,720575940607049941
AVLP_pr05_R13,[80150 39527  5091],720575940606202891,720575940606202891
AVLP_pr05_R14,[80166 39699  5253],720575940617842196,720575940617842196
IPS_pr01_L1,[161519  70150   1004],720575940625551364,720575940615915035
IPS_pr01_L2,[164010  58165   3929],720575940610088618,720575940610088618
IPS_pr01_L3,[162101  67893    968],720575940626728195,720575940626728195
IPS_pr01_L4,[162852  71598   1131],720575940616467766,720575940616467766
IPS_pr01_L5,[163118  67041    814],720575940611542481,720575940628977401
IPS_pr01_R1,[96584 73695  2836],720575940644291124,720575940627632428
IPS_pr01_R2,[94430 73484  2777],720575940609630357,720575940609630357
IPS_pr01_R3,[97416 73359  2786],720575940617575760,720575940617575760
IPS_pr01_R4,[94803 72784  2821],720575940629725800,720575940618292416
AVLP_pr11_L1,[177962  57298   1501],720575940635578970,720575940610683762
AVLP_pr11_L2,[181155  56161   1586],720575940628102876,720575940628102876
AVLP_pr11_L3,[177897  60019   1557],720575940622736568,720575940629165583
AVLP_pr11_L4,[179621  57795   1483],720575940612979615,720575940631778841
AVLP_pr11_L5,[177792  60668   1480],720575940621404085,720575940624066506
AVLP_pr11_L6,[180018  58505   1614],720575940624176792,720575940625108254
AVLP_pr11_R1,[85460 52431  2387],720575940620622984,720575940620622984
AVLP_pr11_R2,[84057 46467  2753],720575940632082784,720575940620783053
AVLP_pr11_R3,[87492 50576  2249],720575940632885355,720575940634371685
AVLP_pr11_R4,[86055 50813  2451],720575940630518573,720575940636938805
AVLP_pr11_R5,[83684 52314  2569],720575940623612106,720575940634752686
AVLP_pr11_R6,[82050 54006  2648],720575940637325475,720575940630955603
AVLP_pr11_R7,[81761 47766  2880],720575940629143594,720575940644792372
AVLP_pr11_R8,[84000 48090  2594],720575940628918799,720575940628918799
AVLP_pr11_R9,[82828 52147  2567],720575940657419393,720575940621002083
WED_pr02_L1,[164383  79576   2597],720575940625860849,720575940625860849
WED_pr02_L2,[162892  80708   2540],720575940634210661,720575940625887631
WED_pr02_L3,[163556  80906   2715],720575940610773987,720575940627023659
WED_pr02_L4,[165340  79150   2629],720575940627378476,720575940627378476
WED_pr02_L5,[163316  80087   2686],720575940624704570,720575940616211013
WED_pr02_L6,[161996  80024   2694],720575940621112870,720575940621112870
WED_pr02_R1,[99243 75049  3127],720575940632998136,720575940632998136
WED_pr02_R2,[100382  76124   3229],720575940623988252,720575940623988252
WED_pr02_R3,[93932 75671  3321],720575940626214761,720575940618232912
WED_pr02_R4,[92443 75811  3468],720575940621146771,720575940621146771
WED_pr02_R5,[94182 74200  3507],720575940630258003,720575940630258003
WED_pr02_R6,[94942 75705  3502],720575940627651895,720575940633044634
WED_pr02_R7,[93725 74797  3335],720575940624134296,720575940624134296
WED_pr02_R8,[93493 74335  3075],720575940627218882,720575940627218882
WED_pr02_R9,[97633 73421  3187],720575940625478568,720575940625478568
WED_pr02_R10,[95800 75289  3436],720575940635762778,720575940635762778
WED_pr02_R11,[93793 73977  3013],720575940631262689,720575940623983818
WED_pr02_R12,[99139 75718  3411],720575940637370531,720575940628267264
WED_pr02_R13,[99502 75621  3300],720575940619501556,720575940630749523
IPS_pr02_L,[138240  90526   4848],720575940610116581,720575940610116581
IPS_pr02_R,[121485  80193   4090],720575940624159746,720575940614018060
AVLP_pr23_L,[157563  79661   4169],720575940621554951,720575940619238582
AVLP_pr23_R,[104527  77449   4019],720575940629772392,720575940629772392
PVLP_pr03_L1,[159475  56700   1065],720575940626672899,720575940630446879
PVLP_pr03_L2,[161664  58557    978],720575940617766279,720575940617766279
PVLP_pr03_L3,[162221  59162   1011],720575940625814012,720575940617036923
PVLP_pr03_L4,[162064  51427   1146],720575940607418180,720575940607418180
PVLP_pr03_L5,[160473  58607   1109],720575940642689559,720575940624196026
PVLP_pr03_L6,[161110  60647   1113],720575940642380580,720575940626583056
PVLP_pr03_L7,[161857  55830   1002],720575940610653462,720575940610653462
PVLP_pr03_L8,[162029  57264    966],720575940611812527,720575940611812527
PVLP_pr03_L9,[161502  50821   1237],720575940636839733,720575940636839733
PVLP_pr03_R1,[100492  54476   1795],720575940613622715,720575940628754383
PVLP_pr03_R2,[101197  54102   1730],720575940631506969,720575940631506969
PVLP_pr03_R3,[102308  55905   1819],720575940622304243,720575940622304243
PVLP_pr03_R4,[100933  54805   1698],720575940609881779,720575940636533574
PVLP_pr03_R5,[100785  50159   1940],720575940639826573,720575940639826573
PVLP_pr03_R6,[103760  54949   1813],720575940615786525,720575940614009542
PVLP_pr03_R7,[101503  54898   1768],720575940647273081,720575940622588308
PVLP_pr03_R8,[99708 50951  1882],720575940604525001,720575940604525001
PVLP_pr03_R9,[101654  50831   1910],720575940624698170,720575940624698170
SAD_pr01_L,[115010  74688   2996],720575940618267526,720575940629266007
SAD_pr01_R,[145888  75638   2951],720575940624855177,720575940625740049
AVLP_pr35_L,[166405  80833   2409],720575940612409494,720575940612409494
AVLP_pr35_R,[90563 68400  2579],720575940629145898,720575940629145898
vpoEN_L1,[171059  75262   2521],720575940619415679,720575940619415679
vpoEN_L2,[159548  73132   4342],720575940632385943,720575940632385943
vpoEN_R1,[91461 73612  3186],720575940635403230,720575940635403230
vpoEN_R2,[91280 73006  3316],720575940634829168,720575940634829168
vpoIN_L1,[182277  40565   3302],720575940628256763,720575940628256763
vpoIN_L2,[183445  37705   2966],720575940614752395,720575940614752395
vpoIN_L3,[181560  40397   2898],720575940618851425,720575940618851425
vpoIN_L4,[180556  40816   2954],720575940616678558,720575940616678558
vpoIN_L5,[182746  39975   2796],720575940628528377,720575940628528377
vpoIN_L6,[182882  41198   3100],720575940637186675,720575940637186675
vpoIN_L7,[184604  37955   3117],720575940637650816,720575940637650816
vpoIN_L8,[182606  40349   3227],720575940628542807,720575940628542807
vpoIN_R1,[80018 37464  4054],720575940627488450,720575940642810148
vpoIN_R2,[80235 35365  3941],720575940625371730,720575940615894877
vpoIN_R3,[79931 38377  4202],720575940608772306,720575940615200059
vpoIN_R4,[83547 40470  3923],720575940618007233,720575940624778084
vpoIN_R5,[78982 34649  3949],720575940632392599,720575940632392599
vpoIN_R6,[79360 35499  3996],720575940629199146,720575940629199146
pMN1_L,[148807  47256   5032],720575940627344506,720575940627344506
pMN2_L,[152175  45854   4825],720575940613170498,720575940613170498
pMN2_R,[109708  46964   5237],720575940622309612,720575940628053820
pC2la_L1,[170209  43514   4816],720575940616434299,720575940613504834
pC2la_L2,[168237  45878   4897],720575940612372118,720575940637649725
pC2la_L3,[166908  46116   4834],720575940652420001,720575940623855397
pC2la_L4,[169193  43404   4815],720575940621060902,720575940610455781
pC2la_L5,[172532  43504   4783],720575940620823295,720575940621431492
pC2la_L6,[165674  49289   4929],720575940630003281,720575940634545294
pC2la_L7,[167137  47095   4838],720575940630344396,720575940630344396
pC2la_R1,[99793 45173  5412],720575940632957688,720575940632522848
pC2la_R2,[102846  47210   5367],720575940627936215,720575940619302640
pC2la_R3,[100222  45873   5402],720575940613529394,720575940609985715
pC2la_R4,[104343  49526   5225],720575940621706987,720575940621706987
pC2lb_L1,[161505  49332   4737],720575940622558612,720575940608505902
pC2lb_L2,[165680  46738   4841],720575940614664587,720575940612625302
pC2lb_L3,[164304  49518   4756],720575940607232836,720575940607232836
pC2lb_L4,[162875  47694   4791],720575940626793831,720575940626793831
pC2lb_R1,[102663  45478   5284],720575940618107563,720575940623839269
pC2lb_R2,[100575  48400   5300],720575940620252365,720575940633300148
pC2lb_R3,[102886  47933   5231],720575940609708786,720575940609708786
pC2lb_R4,[103539  48318   5272],720575940629686632,720575940629686632
pC2lb_R5,[103067  47222   5245],720575940611401709,720575940611401709
pC2lc_R1,[103035  47930   5342],720575940642718318,720575940642718318
pC2lc_R2,[101913  47606   5241],720575940628719375,720575940628719375
pC2lc_R3,[102729  46646   5289],720575940621246901,720575940621246901
pC2ld_R,[101514  44767   5300],720575940620006877,720575940620006877
pC1d_L,[145817  41367   5139],720575940618771952,720575940618771952
pC1d_R,[125483  45655   5019],720575940623313866,720575940623313866
pC1e_L,[142741  44980   4908],720575940620639256,720575940620639256
pC1e_R,[123240  51333   5237],720575940624753466,720575940616175899
JO-A_R1,[104444  67986   1240],720575940612379030,720575940625227672
JO-A_R2,[105253  68451   1368],720575940628014039,720575940623840589
JO-A_R3,[102957  68209   1716],720575940617233303,720575940626522620
JO-A_R4,[103888  66913   1334],720575940631258421,720575940623189799
JO-A_R5,[105694  67535   1255],720575940609293937,720575940630018115
JO-A_R6,[105393  68946   1428],720575940618491713,720575940621340429
JO-A_R7,[102727  67373   1609],720575940617161367,720575940620414241
JO-A_R8,[103763  67749   1767],720575940630214348,720575940625654074
JO-A_R9,[103678  71285   2508],720575940627046010,720575940627046010
JO-A_R10,[105446  68407   1112],720575940615865449,720575940630017603
JO-A_R11,[101990  68642   2048],720575940639832205,720575940627195691
JO-A_R12,[105638  68359   1594],720575940630199123,720575940613079190
JO-A_R13,[103916  69751   1567],720575940626304847,720575940629066358
JO-A_R14,[104117  70329   1573],720575940615789085,720575940636525289
JO-A_R15,[101905  73358   2638],720575940614870301,720575940617534110
JO-A_R16,[102495  66892   1631],720575940619501044,720575940619939956
JO-A_R17,[105722  78139   3074],720575940635509993,720575940633793899
JO-A_R18,[102072  67306   1860],720575940614790429,720575940622591049
JO-A_R19,[101040  68459   2004],720575940635509993,720575940620649641
JO-A_R20,[101490  68365   2268],720575940631461429,720575940625004675
JO-A_R21,[105622  66230   1392],720575940618065647,720575940621464344
JO-A_R22,[103645  74903   2835],720575940619501044,720575940627538947
JO-A_R23,[102042  71067   2661],720575940633784951,720575940614544582
JO-A_R24,[103387  75619   2923],720575940623559461,720575940619508033
JO-A_R25,[104339  65953   1663],720575940623974940,720575940630367032
JO-A_R26,[103372  66408   1773],720575940631467317,720575940638212467
JO-A_R27,[102782  66333   1708],720575940608759906,720575940633057943
JO-A_R28,[100069  68708   2430],720575940639832205,720575940608554052
JO-A_R29,[101034  68562   1884],720575940617134808,720575940628769239
JO-A_R30,[101861  67947   1698],720575940619501044,720575940618770625
JO-A_R31,[100760  69273   1950],720575940617107761,720575940619065179
JO-A_R32,[100442  69894   2004],720575940628064343,720575940630259257
JO-A_R33,[101899  74630   2648],720575940627483648,720575940626242191
JO-A_R34,[99914 73442  2990],720575940628014039,720575940634414959
JO-A_R35,[100889  70076   1899],720575940618861296,720575940624274992
JO-A_R36,[101886  70821   1901],720575940613936245,720575940637470517
JO-A_R37,[102151  70272   1661],720575940624712841,720575940618770369
JO-A_R38,[100782  71189   2171],720575940635931369,720575940607367125
JO-A_R39,[101252  70490   1866],720575940624712841,720575940629269455
JO-A_R40,[103207  70641   1601],720575940650964097,720575940632097505
JO-A_R41,[103631  72558   1989],720575940631256885,720575940611177586
JO-A_R42,[103828  76002   2789],720575940609935589,720575940618056753
JO-A_R43,[103654  73453   2123],720575940611509811,720575940619694512
JO-A_R44,[101747  67303   2090],720575940629176618,720575940613682911
JO-A_R45,[101959  67757   2133],720575940619501044,720575940614927989
JO-B_R1,[107456  67640   1259],720575940639832205,720575940618393936
JO-B_R2,[106956  69186   2073],720575940642642711,720575940618639781
JO-B_R3,[108515  67391   2057],720575940610323314,720575940631915219
JO-B_R4,[108425  70470   1684],720575940615222201,720575940615222201
JO-B_R5,[106731  67737   1782],720575940642642711,720575940613956767
JO-B_R6,[107461  70106   1323],720575940611752989,720575940643418990
JO-B_R7,[105956  66836   1383],720575940620022749,720575940624562618
JO-B_R8,[105787  67775   1787],720575940610661347,720575940621722111
JO-B_R9,[106680  67259   1400],720575940624099992,720575940622553085
JO-B_R10,[106168  69396   1301],720575940616139113,720575940613776962
JO-B_R11,[107059  66997   1572],720575940626382747,720575940604274622
JO-B_R12,[107001  68416   1281],720575940619735721,720575940626257736
JO-B_R13,[107078  69275   1472],720575940628018409,720575940620422938
JO-B_R14,[105462  66031   1558],720575940614631273,720575940622562557
JO-B_R15,[105742  66442   1655],720575940618613424,720575940621529736
JO-B_R16,[105146  66865   1962],720575940620621080,720575940626693894
JO-B_R17,[105241  65786   1962],720575940614631273,720575940640169947
JO-B_R18,[107346  67952   1561],720575940617419467,720575940625049945
JO-B_R19,[107723  68428   1822],720575940614780521,720575940614205708
JO-B_R20,[107846  68682   1354],720575940625321345,720575940615860061
JO-B_R21,[108592  67620   1364],720575940606751427,720575940627304963
JO-B_R22,[105584  69719   1521],720575940627042938,720575940624594276
JO-B_R23,[106834  69193   1308],720575940624760842,720575940618856896
JO-B_R24,[107100  67337   1311],720575940606707229,720575940620850764
JO-B_R25,[107926  70895   1645],720575940632630505,720575940636537663
JO-B_R26,[106846  72646   2722],720575940621091210,720575940636599273
JO-B_R27,[104810  71707   1740],720575940620601624,720575940619447105
JO-B_R28,[107686  73391   2098],720575940609857010,720575940617092662
JO-B_R29,[108314  69471   1727],720575940612474006,720575940613006590
JO-B_R30,[107415  71471   1720],720575940613602235,720575940634892389
JO-B_R31,[107837  73826   2339],720575940611751709,720575940611751709
JO-B_R32,[108446  72472   3088],720575940604531229,720575940604531229
JO-B_R33,[107794  69687   1608],720575940618683632,720575940632466784
JO-B_R34,[108680  70170   1886],720575940604525341,720575940613127314
JO-B_R35,[108891  70235   1939],720575940612409885,720575940612409885
JO-B_R36,[108518  72150   1825],720575940628014039,720575940632692378
JO-B_R37,[109927  71823   2311],720575940638636533,720575940638636533
JO-B_R38,[109005  71576   3176],720575940600514589,720575940612235439
JO-B_R39,[108029  71354   3227],720575940609934365,720575940609934365
JO-B_R40,[107397  73814   2227],720575940609529117,720575940609529117
JO-B_R41,[108651  72197   2720],720575940600433181,720575940600433181
JO-B_R42,[107904  67624   1633],720575940630902333,720575940604285886
JO-B_R43,[107622  66476   1268],720575940610162149,720575940616428884
JO-B_R44,[108197  66543   1871],720575940616491387,720575940609816014
JO-B_R45,[105226  67112   1591],720575940622352917,720575940610341525
